cd_telefone,cd_funcionario,tp_telefone,nr_telefone,dt_cadastro
3001,1001,pessoal,836-14-3267,2022-01-01
3002,1002,pessoal,651-83-2235,2022-01-02
3003,1003,pessoal,687-64-9900,2022-01-03
3004,1004,pessoal,187-89-2118,2022-01-04
3005,1005,pessoal,054-14-7470,2022-01-05
3006,1006,pessoal,967-73-1622,2022-01-06
3007,1007,pessoal,635-41-5637,2022-01-07
3008,1008,pessoal,270-69-4431,2022-01-08
3009,1009,pessoal,311-09-5258,2022-01-09
3010,1010,pessoal,349-88-1455,2022-01-10
3011,1011,pessoal,078-04-8581,2022-01-11
3012,1012,pessoal,349-55-8084,2022-01-12
3013,1013,pessoal,473-36-2507,2022-01-13
3014,1014,pessoal,177-08-2840,2022-01-14
3015,1015,pessoal,134-08-0898,2022-01-15
3016,1016,pessoal,720-16-6317,2022-01-16
3017,1017,pessoal,288-08-7271,2022-01-17
3018,1018,pessoal,726-23-5224,2022-01-18
3019,1019,pessoal,523-53-0272,2022-01-19
3020,1020,pessoal,748-64-7374,2022-01-20
3021,1021,pessoal,027-74-0362,2022-01-21
3022,1022,pessoal,780-03-4161,2022-01-22
3023,1023,pessoal,697-46-2199,2022-01-23
3024,1024,pessoal,498-16-2208,2022-01-24
3025,1025,pessoal,862-86-6373,2022-01-25
3026,1026,pessoal,194-83-0150,2022-01-26
3027,1027,pessoal,140-06-7287,2022-01-27
3028,1028,pessoal,257-54-4272,2022-01-28
3029,1029,pessoal,234-72-8734,2022-01-29
3030,1030,pessoal,452-46-8186,2022-01-30
3031,1031,pessoal,084-84-8266,2022-01-31
3032,1032,pessoal,198-66-0444,2022-02-01
3033,1033,pessoal,185-32-1140,2022-02-02
3034,1034,pessoal,307-78-1617,2022-02-03
3035,1035,pessoal,692-46-9503,2022-02-04
3036,1036,pessoal,057-59-0604,2022-02-05
3037,1037,pessoal,976-65-5726,2022-02-06
3038,1038,pessoal,535-87-1832,2022-02-07
3039,1039,pessoal,226-07-5036,2022-02-08
3040,1040,pessoal,952-61-7299,2022-02-09
3041,1041,pessoal,452-04-9122,2022-02-10
3042,1042,pessoal,355-05-2555,2022-02-11
3043,1043,pessoal,058-22-0040,2022-02-12
3044,1044,pessoal,345-55-9561,2022-02-13
3045,1045,pessoal,953-45-9714,2022-02-14
3046,1046,pessoal,458-27-0385,2022-02-15
3047,1047,pessoal,788-34-3299,2022-02-16
3048,1048,pessoal,789-13-4006,2022-02-17
3049,1049,pessoal,300-13-8266,2022-02-18
3050,1050,pessoal,946-77-0000,2022-02-19
3051,1051,pessoal,478-48-1981,2022-02-20
3052,1052,pessoal,346-46-9295,2022-02-21
3053,1053,pessoal,742-31-0420,2022-02-22
3054,1054,pessoal,252-09-1290,2022-02-23
3055,1055,pessoal,448-08-5904,2022-02-24
3056,1056,pessoal,919-25-1394,2022-02-25
3057,1057,pessoal,369-66-9798,2022-02-26
3058,1058,pessoal,231-14-9730,2022-02-27
3059,1059,pessoal,993-82-8057,2022-02-28
3060,1060,pessoal,911-97-8857,2022-03-01
3061,1061,pessoal,201-41-5489,2022-03-02
3062,1062,pessoal,084-36-7172,2022-03-03
3063,1063,pessoal,121-21-8004,2022-03-04
3064,1064,pessoal,768-80-9358,2022-03-05
3065,1065,pessoal,980-42-7145,2022-03-06
3066,1066,pessoal,366-49-7307,2022-03-07
3067,1067,pessoal,854-73-5670,2022-03-08
3068,1068,pessoal,004-14-6960,2022-03-09
3069,1069,pessoal,031-68-1412,2022-03-10
3070,1070,pessoal,916-38-0858,2022-03-11
3071,1071,pessoal,098-40-2109,2022-03-12
3072,1072,pessoal,495-66-4706,2022-03-13
3073,1073,pessoal,250-98-9064,2022-03-14
3074,1074,pessoal,448-29-9500,2022-03-15
3075,1075,pessoal,254-81-1292,2022-03-16
3076,1076,pessoal,844-94-2858,2022-03-17
3077,1077,pessoal,437-36-7317,2022-03-18
3078,1078,pessoal,608-18-9218,2022-03-19
3079,1079,pessoal,079-47-4669,2022-03-20
3080,1080,pessoal,948-78-4416,2022-03-21
3081,1081,pessoal,432-24-1263,2022-03-22
3082,1082,pessoal,138-18-6542,2022-03-23
3083,1083,pessoal,020-99-8449,2022-03-24
3084,1084,pessoal,643-86-8085,2022-03-25
3085,1085,pessoal,966-88-4539,2022-03-26
3086,1086,pessoal,900-99-9733,2022-03-27
3087,1087,pessoal,401-78-8697,2022-03-28
3088,1088,pessoal,278-85-6300,2022-03-29
3089,1089,pessoal,893-98-2866,2022-03-30
3090,1090,pessoal,403-58-2341,2022-03-31
3091,1091,pessoal,538-42-3054,2022-04-01
3092,1092,pessoal,939-22-8515,2022-04-02
3093,1093,pessoal,491-75-9994,2022-04-03
3094,1094,pessoal,093-83-6141,2022-04-04
3095,1095,pessoal,409-43-2383,2022-04-05
3096,1096,pessoal,987-15-3152,2022-04-06
3097,1097,pessoal,525-90-9523,2022-04-07
3098,1098,pessoal,888-82-1150,2022-04-08
3099,1099,pessoal,403-21-8523,2022-04-09
3100,1100,pessoal,790-28-0232,2022-04-10
3101,1101,pessoal,310-44-4464,2022-04-11
3102,1102,pessoal,311-16-7485,2022-04-12
3103,1103,pessoal,664-25-9266,2022-04-13
3104,1104,pessoal,991-03-5482,2022-04-14
3105,1105,pessoal,550-77-7415,2022-04-15
3106,1106,pessoal,216-63-2559,2022-04-16
3107,1107,pessoal,581-68-5224,2022-04-17
3108,1108,pessoal,100-17-8829,2022-04-18
3109,1109,pessoal,325-98-9245,2022-04-19
3110,1110,pessoal,619-87-7300,2022-04-20
3111,1111,pessoal,518-63-5427,2022-04-21
3112,1112,pessoal,606-20-4128,2022-04-22
3113,1113,pessoal,457-33-5176,2022-04-23
3114,1114,pessoal,414-38-7829,2022-04-24
3115,1115,pessoal,666-28-7790,2022-04-25
3116,1116,pessoal,641-48-4901,2022-04-26
3117,1117,pessoal,267-69-6488,2022-04-27
3118,1118,pessoal,450-18-9859,2022-04-28
3119,1119,pessoal,154-29-2693,2022-04-29
3120,1120,pessoal,555-32-5963,2022-04-30
3121,1121,pessoal,173-19-1087,2022-05-01
3122,1122,pessoal,785-10-5475,2022-05-02
3123,1123,pessoal,603-14-6642,2022-05-03
3124,1124,pessoal,348-75-7965,2022-05-04
3125,1125,pessoal,634-24-4792,2022-05-05
3126,1126,pessoal,783-09-8662,2022-05-06
3127,1127,pessoal,663-43-9226,2022-05-07
3128,1128,pessoal,930-35-5824,2022-05-08
3129,1129,pessoal,518-92-8794,2022-05-09
3130,1130,pessoal,806-25-0272,2022-05-10
3131,1131,pessoal,512-55-7130,2022-05-11
3132,1132,pessoal,467-25-0129,2022-05-12
3133,1133,pessoal,286-91-2939,2022-05-13
3134,1134,pessoal,343-50-9222,2022-05-14
3135,1135,pessoal,869-59-4607,2022-05-15
3136,1136,pessoal,694-29-5589,2022-05-16
3137,1137,pessoal,029-47-0402,2022-05-17
3138,1138,pessoal,403-36-3824,2022-05-18
3139,1139,pessoal,805-23-4783,2022-05-19
3140,1140,pessoal,349-39-7337,2022-05-20
3141,1141,pessoal,016-35-3735,2022-05-21
3142,1142,pessoal,842-36-6844,2022-05-22
3143,1143,pessoal,186-01-5748,2022-05-23
3144,1144,pessoal,097-62-3006,2022-05-24
3145,1145,pessoal,250-49-6080,2022-05-25
3146,1146,pessoal,023-62-4208,2022-05-26
3147,1147,pessoal,690-36-3663,2022-05-27
3148,1148,pessoal,258-20-8906,2022-05-28
3149,1149,pessoal,562-92-5355,2022-05-29
3150,1150,pessoal,621-65-7924,2022-05-30
3151,1151,pessoal,569-48-9389,2022-05-31
3152,1152,pessoal,855-04-8573,2022-06-01
3153,1153,pessoal,093-16-9961,2022-06-02
3154,1154,pessoal,979-82-8756,2022-06-03
3155,1155,pessoal,453-05-7915,2022-06-04
3156,1156,pessoal,352-67-9665,2022-06-05
3157,1157,pessoal,955-93-8714,2022-06-06
3158,1158,pessoal,989-29-5087,2022-06-07
3159,1159,pessoal,101-47-8334,2022-06-08
3160,1160,pessoal,143-73-7519,2022-06-09
3161,1161,pessoal,589-51-8017,2022-06-10
3162,1162,pessoal,687-72-5658,2022-06-11
3163,1163,pessoal,494-77-7538,2022-06-12
3164,1164,pessoal,343-29-4105,2022-06-13
3165,1165,pessoal,827-60-0166,2022-06-14
3166,1166,pessoal,609-18-7930,2022-06-15
3167,1167,pessoal,832-16-2672,2022-06-16
3168,1168,pessoal,603-37-3389,2022-06-17
3169,1169,pessoal,860-78-8472,2022-06-18
3170,1170,pessoal,509-82-5083,2022-06-19
3171,1171,pessoal,994-33-1779,2022-06-20
3172,1172,pessoal,673-65-1508,2022-06-21
3173,1173,pessoal,547-52-0138,2022-06-22
3174,1174,pessoal,684-11-7285,2022-06-23
3175,1175,pessoal,510-98-6136,2022-06-24
3176,1176,pessoal,124-97-6980,2022-06-25
3177,1177,pessoal,366-78-8507,2022-06-26
3178,1178,pessoal,332-32-1935,2022-06-27
3179,1179,pessoal,368-85-6454,2022-06-28
3180,1180,pessoal,372-95-0811,2022-06-29
3181,1181,pessoal,248-58-1675,2022-06-30
3182,1182,pessoal,487-26-3818,2022-07-01
3183,1183,pessoal,711-91-6998,2022-07-02
3184,1184,pessoal,505-45-3521,2022-07-03
3185,1185,pessoal,359-18-6578,2022-07-04
3186,1186,pessoal,055-15-7857,2022-07-05
3187,1187,pessoal,627-16-3525,2022-07-06
3188,1188,pessoal,382-30-1958,2022-07-07
3189,1189,pessoal,984-50-9284,2022-07-08
3190,1190,pessoal,502-22-9572,2022-07-09
3191,1191,pessoal,459-78-0885,2022-07-10
3192,1192,pessoal,656-10-6035,2022-07-11
3193,1193,pessoal,305-63-7695,2022-07-12
3194,1194,pessoal,993-96-2950,2022-07-13
3195,1195,pessoal,270-88-1594,2022-07-14
3196,1196,pessoal,481-95-5714,2022-07-15
3197,1197,pessoal,942-34-9534,2022-07-16
3198,1198,pessoal,972-06-1110,2022-07-17
3199,1199,pessoal,245-44-0021,2022-07-18
3200,1200,pessoal,419-74-3697,2022-07-19
3201,1201,pessoal,046-82-0633,2022-07-20
3202,1202,pessoal,571-13-1319,2022-07-21
3203,1203,pessoal,679-13-3670,2022-07-22
3204,1204,pessoal,106-89-8952,2022-07-23
3205,1205,pessoal,979-09-2124,2022-07-24
3206,1206,pessoal,208-22-2589,2022-07-25
3207,1207,pessoal,116-79-5691,2022-07-26
3208,1208,pessoal,106-11-6429,2022-07-27
3209,1209,pessoal,319-24-2491,2022-07-28
3210,1210,pessoal,525-19-5754,2022-07-29
3211,1211,pessoal,469-17-0713,2022-07-30
3212,1212,pessoal,068-98-3132,2022-07-31
3213,1213,pessoal,775-39-4860,2022-08-01
3214,1214,pessoal,559-47-7449,2022-08-02
3215,1215,pessoal,294-19-2416,2022-08-03
3216,1216,pessoal,433-96-3459,2022-08-04
3217,1217,pessoal,840-88-7632,2022-08-05
3218,1218,pessoal,144-55-4895,2022-08-06
3219,1219,pessoal,697-09-4339,2022-08-07
3220,1220,pessoal,786-86-5529,2022-08-08
3221,1221,pessoal,802-35-7747,2022-08-09
3222,1222,pessoal,832-63-1064,2022-08-10
3223,1223,pessoal,928-60-5158,2022-08-11
3224,1224,pessoal,361-69-6360,2022-08-12
3225,1225,pessoal,995-16-8275,2022-08-13
3226,1226,pessoal,749-51-0136,2022-08-14
3227,1227,pessoal,405-56-5201,2022-08-15
3228,1228,pessoal,112-62-8555,2022-08-16
3229,1229,pessoal,335-28-7300,2022-08-17
3230,1230,pessoal,949-49-5915,2022-08-18
3231,1231,pessoal,462-73-5581,2022-08-19
3232,1232,pessoal,944-56-3203,2022-08-20
3233,1233,pessoal,927-87-7379,2022-08-21
3234,1234,pessoal,936-21-9768,2022-08-22
3235,1235,pessoal,882-34-9669,2022-08-23
3236,1236,pessoal,092-77-0518,2022-08-24
3237,1237,pessoal,078-79-9776,2022-08-25
3238,1238,pessoal,544-87-8845,2022-08-26
3239,1239,pessoal,457-73-4786,2022-08-27
3240,1240,pessoal,373-14-2119,2022-08-28
3241,1241,pessoal,752-23-0124,2022-08-29
3242,1242,pessoal,082-75-6235,2022-08-30
3243,1243,pessoal,885-20-0411,2022-08-31
3244,1244,pessoal,899-12-3136,2022-09-01
3245,1245,pessoal,964-23-0853,2022-09-02
3246,1246,pessoal,422-94-2994,2022-09-03
3247,1247,pessoal,331-34-3756,2022-09-04
3248,1248,pessoal,160-68-3679,2022-09-05
3249,1249,pessoal,142-34-7647,2022-09-06
3250,1250,pessoal,513-74-8024,2022-09-07
3251,1251,pessoal,664-62-2090,2022-09-08
3252,1252,pessoal,914-25-8022,2022-09-09
3253,1253,pessoal,288-66-3566,2022-09-10
3254,1254,pessoal,425-89-8198,2022-09-11
3255,1255,pessoal,973-40-9301,2022-09-12
3256,1256,pessoal,844-61-0067,2022-09-13
3257,1257,pessoal,628-10-7027,2022-09-14
3258,1258,pessoal,476-81-7848,2022-09-15
3259,1259,pessoal,064-53-5631,2022-09-16
3260,1260,pessoal,975-79-6508,2022-09-17
3261,1261,pessoal,830-52-1206,2022-09-18
3262,1262,pessoal,977-33-0993,2022-09-19
3263,1263,pessoal,228-80-8568,2022-09-20
3264,1264,pessoal,977-93-9159,2022-09-21
3265,1265,pessoal,696-33-9428,2022-09-22
3266,1266,pessoal,310-29-1147,2022-09-23
3267,1267,pessoal,878-66-1687,2022-09-24
3268,1268,pessoal,645-38-8221,2022-09-25
3269,1269,pessoal,051-08-1296,2022-09-26
3270,1270,pessoal,947-71-3972,2022-09-27
3271,1271,pessoal,390-82-8741,2022-09-28
3272,1272,pessoal,514-61-2832,2022-09-29
3273,1273,pessoal,329-09-0497,2022-09-30
3274,1274,pessoal,516-69-8563,2022-10-01
3275,1275,pessoal,587-05-9233,2022-10-02
3276,1276,pessoal,776-68-6726,2022-10-03
3277,1277,pessoal,926-68-6442,2022-10-04
3278,1278,pessoal,086-88-1714,2022-10-05
3279,1279,pessoal,628-39-6079,2022-10-06
3280,1280,pessoal,298-86-7401,2022-10-07
3281,1281,pessoal,816-40-5576,2022-10-08
3282,1282,pessoal,933-76-2460,2022-10-09
3283,1283,pessoal,224-11-0861,2022-10-10
3284,1284,pessoal,491-03-1699,2022-10-11
3285,1285,pessoal,985-36-2618,2022-10-12
3286,1286,pessoal,519-03-0017,2022-10-13
3287,1287,pessoal,111-31-4584,2022-10-14
3288,1288,pessoal,043-67-0931,2022-10-15
3289,1289,pessoal,060-96-3975,2022-10-16
3290,1290,pessoal,867-90-9457,2022-10-17
3291,1291,pessoal,083-45-0444,2022-10-18
3292,1292,pessoal,242-23-8635,2022-10-19
3293,1293,pessoal,048-84-8894,2022-10-20
3294,1294,pessoal,854-29-0345,2022-10-21
3295,1295,pessoal,982-11-6079,2022-10-22
3296,1296,pessoal,990-78-5665,2022-10-23
3297,1297,pessoal,236-76-6790,2022-10-24
3298,1298,pessoal,601-91-2510,2022-10-25
3299,1299,pessoal,894-96-3439,2022-10-26
3300,1300,pessoal,414-09-0779,2022-10-27
3301,1301,pessoal,324-06-9057,2022-10-28
3302,1302,pessoal,412-73-2946,2022-10-29
3303,1303,pessoal,375-78-2853,2022-10-30
3304,1304,pessoal,465-96-1866,2022-10-31
3305,1305,pessoal,717-09-1395,2022-11-01
3306,1306,pessoal,697-17-5450,2022-11-02
3307,1307,pessoal,753-24-0337,2022-11-03
3308,1308,pessoal,952-66-2891,2022-11-04
3309,1309,pessoal,983-79-0245,2022-11-05
3310,1310,pessoal,138-55-3696,2022-11-06
3311,1311,pessoal,069-32-5514,2022-11-07
3312,1312,pessoal,545-81-5939,2022-11-08
3313,1313,pessoal,718-66-3923,2022-11-09
3314,1314,pessoal,642-57-5026,2022-11-10
3315,1315,pessoal,029-50-1105,2022-11-11
3316,1316,pessoal,522-38-8771,2022-11-12
3317,1317,pessoal,474-62-1234,2022-11-13
3318,1318,pessoal,840-80-1922,2022-11-14
3319,1319,pessoal,377-50-5373,2022-11-15
3320,1320,pessoal,871-24-4468,2022-11-16
3321,1321,pessoal,573-55-4756,2022-11-17
3322,1322,pessoal,006-75-7395,2022-11-18
3323,1323,pessoal,334-55-8094,2022-11-19
3324,1324,pessoal,895-25-1737,2022-11-20
3325,1325,pessoal,274-95-9788,2022-11-21
3326,1326,pessoal,525-97-0780,2022-11-22
3327,1327,pessoal,692-21-7381,2022-11-23
3328,1328,pessoal,238-73-3602,2022-11-24
3329,1329,pessoal,377-86-5943,2022-11-25
3330,1330,pessoal,609-92-0769,2022-11-26
3331,1331,pessoal,722-69-6966,2022-11-27
3332,1332,pessoal,199-88-6371,2022-11-28
3333,1333,pessoal,787-67-9746,2022-11-29
3334,1334,pessoal,239-59-8195,2022-11-30
3335,1335,pessoal,267-25-6883,2022-12-01
3336,1336,pessoal,508-37-5349,2022-12-02
3337,1337,pessoal,023-07-3983,2022-12-03
3338,1338,pessoal,650-47-6064,2022-12-04
3339,1339,pessoal,605-44-2977,2022-12-05
3340,1340,pessoal,771-08-9378,2022-12-06
3341,1341,pessoal,152-29-9805,2022-12-07
3342,1342,pessoal,524-16-8365,2022-12-08
3343,1343,pessoal,528-73-7774,2022-12-09
3344,1344,pessoal,360-69-0571,2022-12-10
3345,1345,pessoal,173-58-0427,2022-12-11
3346,1346,pessoal,323-20-6973,2022-12-12
3347,1347,pessoal,370-33-9497,2022-12-13
3348,1348,pessoal,083-44-2584,2022-12-14
3349,1349,pessoal,885-10-5793,2022-12-15
3350,1350,pessoal,369-40-2352,2022-12-16
3351,1351,pessoal,139-57-3731,2022-12-17
3352,1352,pessoal,500-11-0790,2022-12-18
3353,1353,pessoal,147-08-8324,2022-12-19
3354,1354,pessoal,368-21-6599,2022-12-20
3355,1355,pessoal,158-27-9349,2022-12-21
3356,1356,pessoal,508-31-7149,2022-12-22
3357,1357,pessoal,022-94-3502,2022-12-23
3358,1358,pessoal,841-67-8602,2022-12-24
3359,1359,pessoal,386-21-7931,2022-12-25
3360,1360,pessoal,920-11-5476,2022-12-26
3361,1361,pessoal,242-41-9279,2022-12-27
3362,1362,pessoal,333-96-5758,2022-12-28
3363,1363,pessoal,371-48-2039,2022-12-29
3364,1364,pessoal,122-46-3391,2022-12-30
3365,1365,pessoal,547-94-3418,2022-12-31
3366,1366,pessoal,020-17-9472,2023-01-01
3367,1367,pessoal,447-68-4023,2023-01-02
3368,1368,pessoal,596-28-1522,2023-01-03
3369,1369,pessoal,536-55-3491,2023-01-04
3370,1370,pessoal,461-13-9531,2023-01-05
3371,1371,pessoal,578-10-6269,2023-01-06
3372,1372,pessoal,048-79-4134,2023-01-07
3373,1373,pessoal,189-20-2256,2022-04-02
3374,1374,pessoal,512-33-2068,2022-04-03
3375,1375,pessoal,283-15-3576,2022-04-04
3376,1376,pessoal,988-90-8134,2022-04-05
3377,1377,pessoal,899-03-2239,2022-04-06
3378,1378,pessoal,319-62-5972,2022-04-07
3379,1379,pessoal,714-51-5429,2022-04-08
3380,1380,pessoal,078-97-2296,2022-04-09
3381,1381,pessoal,093-96-6454,2022-04-10
3382,1382,pessoal,219-77-0312,2022-04-11
3383,1383,pessoal,039-92-7156,2022-04-12
3384,1384,pessoal,776-16-2718,2022-04-13
3385,1385,pessoal,812-78-0721,2022-04-14
3386,1386,pessoal,423-41-5131,2022-04-15
3387,1387,pessoal,185-79-2073,2022-04-16
3388,1388,pessoal,820-09-9071,2022-04-17
3389,1389,pessoal,765-01-7620,2022-04-18
3390,1390,pessoal,116-69-6803,2022-04-19
3391,1391,pessoal,014-12-4031,2022-04-20
3392,1392,pessoal,689-18-0842,2022-04-21
3393,1393,pessoal,241-80-0491,2022-04-22
3394,1394,pessoal,219-72-2135,2022-04-23
3395,1395,pessoal,511-53-9524,2022-04-24
3396,1396,pessoal,162-25-3302,2022-04-25
3397,1397,pessoal,855-82-7030,2022-04-26
3398,1398,pessoal,667-71-1763,2022-04-27
3399,1399,pessoal,448-76-3093,2022-04-28
3400,1400,pessoal,427-90-0603,2022-04-29
3401,1401,pessoal,186-64-9033,2022-04-30
3402,1402,pessoal,256-09-1092,2022-05-01
3403,1403,pessoal,982-16-7976,2022-05-02
3404,1404,pessoal,270-84-5849,2022-05-03
3405,1405,pessoal,316-91-6125,2022-05-04
3406,1406,pessoal,642-96-8666,2022-05-05
3407,1407,pessoal,891-87-5450,2022-05-06
3408,1408,pessoal,734-42-6048,2022-05-07
3409,1409,pessoal,851-04-7913,2022-05-08
3410,1410,pessoal,415-50-3148,2022-05-09
3411,1411,pessoal,764-10-7711,2022-05-10
3412,1412,pessoal,801-90-6608,2022-05-11
3413,1413,pessoal,721-28-1595,2022-05-12
3414,1414,pessoal,120-54-1323,2022-05-13
3415,1415,pessoal,815-00-6766,2022-05-14
3416,1416,pessoal,638-76-7816,2022-05-15
3417,1417,pessoal,686-63-1873,2022-05-16
3418,1418,pessoal,222-72-3490,2022-05-17
3419,1419,pessoal,565-34-1033,2022-05-18
3420,1420,pessoal,795-46-9546,2022-05-19
3421,1421,pessoal,691-97-3213,2022-05-20
3422,1422,pessoal,298-82-3936,2022-05-21
3423,1423,pessoal,132-67-8633,2022-05-22
3424,1424,pessoal,292-38-9700,2022-05-23
3425,1425,pessoal,330-11-3416,2022-05-24
3426,1426,pessoal,474-74-2505,2022-05-25
3427,1427,pessoal,378-51-6587,2022-05-26
3428,1428,pessoal,900-02-2373,2022-05-27
3429,1429,pessoal,887-25-2513,2022-05-28
3430,1430,pessoal,969-82-0489,2022-05-29
3431,1431,pessoal,491-49-4621,2022-05-30
3432,1432,pessoal,298-02-4275,2022-05-31
3433,1433,pessoal,853-73-5774,2022-06-01
3434,1434,pessoal,986-13-5508,2022-06-02
3435,1435,pessoal,116-91-8445,2022-06-03
3436,1436,pessoal,044-31-7995,2022-06-04
3437,1437,pessoal,752-37-6926,2022-06-05
3438,1438,pessoal,979-67-1416,2022-06-06
3439,1439,pessoal,175-51-7307,2022-06-07
3440,1440,pessoal,444-77-1374,2022-06-08
3441,1441,pessoal,548-50-6758,2022-06-09
3442,1442,pessoal,591-04-2873,2022-06-10
3443,1443,pessoal,679-05-7295,2022-06-11
3444,1444,pessoal,900-86-1436,2022-06-12
3445,1445,pessoal,711-82-6104,2022-06-13
3446,1446,pessoal,612-52-7346,2022-06-14
3447,1447,pessoal,069-14-5289,2022-06-15
3448,1448,pessoal,170-36-3074,2022-06-16
3449,1449,pessoal,105-35-7082,2022-06-17
3450,1450,pessoal,633-54-7176,2022-06-27
3451,1451,pessoal,578-50-4902,2022-06-28
3452,1452,pessoal,533-17-9988,2022-06-29
3453,1453,pessoal,554-91-9626,2022-06-30
3454,1454,pessoal,410-27-1762,2022-07-01
3455,1455,pessoal,083-39-1389,2022-07-02
3456,1456,pessoal,056-54-7410,2022-07-03
3457,1457,pessoal,452-58-0757,2022-07-04
3458,1458,pessoal,677-01-7145,2022-07-05
3459,1459,pessoal,566-21-0052,2022-07-06
3460,1460,pessoal,666-81-4890,2022-07-07
3461,1461,pessoal,863-66-4378,2022-07-08
3462,1462,pessoal,845-46-6572,2022-07-09
3463,1463,pessoal,883-46-5855,2022-07-10
3464,1464,pessoal,135-40-1839,2022-07-11
3465,1465,pessoal,381-83-8585,2022-07-12
3466,1466,pessoal,545-98-2577,2022-07-13
3467,1467,pessoal,694-23-4428,2022-07-14
3468,1468,pessoal,912-19-5053,2022-07-15
3469,1469,pessoal,299-89-8046,2022-07-16
3470,1470,pessoal,527-94-1484,2022-07-17
3471,1471,pessoal,243-45-3958,2022-07-18
3472,1472,pessoal,112-19-1006,2022-07-19
3473,1473,pessoal,929-72-3862,2022-07-20
3474,1474,pessoal,947-39-3798,2022-07-21
3475,1475,pessoal,207-52-7727,2022-07-22
3476,1476,pessoal,966-83-8225,2022-07-23
3477,1477,pessoal,549-27-8548,2022-07-24
3478,1478,pessoal,015-86-7540,2022-07-25
3479,1479,pessoal,898-48-2304,2022-07-26
3480,1480,pessoal,492-42-0375,2022-07-27
3481,1481,pessoal,152-74-9493,2022-07-28
3482,1482,pessoal,115-06-3293,2022-07-29
3483,1483,pessoal,886-03-8166,2022-07-30
3484,1484,pessoal,782-05-6905,2022-07-31
3485,1485,pessoal,674-18-0510,2022-08-01
3486,1486,pessoal,887-59-1407,2022-08-02
3487,1487,pessoal,759-95-5655,2022-08-03
3488,1488,pessoal,819-23-8389,2022-08-04
3489,1489,pessoal,772-52-2673,2022-08-05
3490,1490,pessoal,809-70-5270,2022-08-06
3491,1491,pessoal,980-91-3752,2022-08-07
3492,1492,pessoal,904-26-7424,2022-08-08
3493,1493,pessoal,728-60-9227,2022-08-09
3494,1494,pessoal,061-06-3438,2022-08-10
3495,1495,pessoal,076-59-3245,2022-08-11
3496,1496,pessoal,230-09-0013,2022-08-12
3497,1497,pessoal,434-64-0984,2022-08-13
3498,1498,pessoal,555-21-4548,2022-08-14
3499,1499,pessoal,104-21-4226,2022-08-15
3500,1500,pessoal,919-47-4463,2022-08-16
3501,1501,pessoal,845-78-3552,2022-08-17
3502,1502,pessoal,543-78-3920,2022-08-18
3503,1503,pessoal,227-52-9543,2022-08-19
3504,1504,pessoal,916-59-4849,2022-08-20
3505,1505,pessoal,755-02-3326,2022-08-21
3506,1506,pessoal,096-75-9603,2022-08-22
3507,1507,pessoal,332-98-1476,2022-08-23
3508,1508,pessoal,849-44-2784,2022-08-24
3509,1509,pessoal,243-82-8889,2022-08-25
3510,1510,pessoal,924-12-3360,2022-08-26
3511,1511,pessoal,084-02-9207,2022-08-27
3512,1512,pessoal,492-78-4663,2022-08-28
3513,1513,pessoal,828-24-0587,2022-08-29
3514,1514,pessoal,974-38-6307,2022-08-30
3515,1515,pessoal,810-09-8555,2022-08-31
3516,1516,pessoal,031-96-6925,2022-09-01
3517,1517,pessoal,744-28-2913,2022-09-02
3518,1518,pessoal,127-22-6182,2022-09-03
3519,1519,pessoal,730-82-6418,2022-09-04
3520,1520,pessoal,864-28-2483,2022-09-05
3521,1521,pessoal,450-27-3981,2022-09-06
3522,1522,pessoal,584-67-6228,2022-09-07
3523,1523,pessoal,168-69-7835,2022-09-08
3524,1524,pessoal,296-32-4612,2022-09-09
3525,1525,pessoal,287-74-4476,2022-09-10
3526,1526,pessoal,989-75-8432,2022-09-11
3527,1527,pessoal,450-18-2554,2022-09-12
3528,1528,pessoal,366-14-1598,2022-09-13
3529,1529,pessoal,271-15-6009,2022-09-14
3530,1530,pessoal,048-15-7312,2022-09-15
3531,1531,pessoal,954-56-9628,2022-09-16
3532,1532,pessoal,503-72-8438,2022-09-17
3533,1533,pessoal,698-50-4245,2022-09-18
3534,1534,pessoal,141-60-7570,2022-09-19
3535,1535,pessoal,364-63-6470,2022-09-20
3536,1536,pessoal,163-02-3457,2022-09-21
3537,1537,pessoal,095-16-6913,2022-09-22
3538,1538,pessoal,566-93-9677,2022-09-23
3539,1539,pessoal,193-49-6841,2022-09-24
3540,1540,pessoal,415-93-1523,2022-09-25
3541,1541,pessoal,296-99-9857,2022-09-26
3542,1542,pessoal,285-63-5219,2022-09-27
3543,1543,pessoal,746-34-9502,2022-09-28
3544,1544,pessoal,947-63-6522,2022-09-29
3545,1545,pessoal,952-52-5057,2022-09-30
3546,1546,pessoal,944-57-9529,2022-10-01
3547,1547,pessoal,192-85-6518,2022-10-02
3548,1548,pessoal,574-73-6232,2022-10-03
3549,1549,pessoal,414-87-2824,2022-10-04
3550,1550,pessoal,057-24-2804,2022-10-05
3551,1551,pessoal,995-37-8002,2022-10-06
3552,1552,pessoal,064-45-1634,2022-10-07
3553,1553,pessoal,057-78-1062,2022-10-08
3554,1554,pessoal,415-95-2862,2022-10-09
3555,1555,pessoal,826-26-1435,2022-10-10
3556,1556,pessoal,465-14-3349,2022-10-11
3557,1557,pessoal,037-53-3719,2022-10-12
3558,1558,pessoal,171-80-8051,2022-10-13
3559,1559,pessoal,561-07-5300,2022-10-14
3560,1560,pessoal,606-35-0622,2022-10-15
3561,1561,pessoal,243-42-4239,2022-10-16
3562,1562,pessoal,840-94-8578,2022-10-17
3563,1563,pessoal,056-79-1864,2022-10-18
3564,1564,pessoal,164-51-7930,2022-10-19
3565,1565,pessoal,894-89-8646,2022-10-20
3566,1566,pessoal,070-65-9835,2022-10-21
3567,1567,pessoal,479-93-0634,2022-10-22
3568,1568,pessoal,226-60-5570,2022-10-23
3569,1569,pessoal,209-37-4358,2022-10-24
3570,1570,pessoal,826-82-9882,2022-10-25
3571,1571,pessoal,545-21-6764,2022-10-26
3572,1572,pessoal,878-80-5331,2022-10-27
3573,1573,pessoal,295-87-7765,2022-10-28
3574,1574,pessoal,015-63-6213,2022-10-29
3575,1575,pessoal,924-70-4338,2022-10-30
3576,1576,pessoal,604-18-2869,2022-10-31
3577,1577,pessoal,705-26-8890,2022-11-01
3578,1578,pessoal,694-07-4518,2022-11-02
3579,1579,pessoal,644-15-3440,2022-11-03
3580,1580,pessoal,774-39-0289,2022-11-04
3581,1581,pessoal,062-57-9021,2022-11-05
3582,1582,pessoal,673-19-9433,2022-11-06
3583,1583,pessoal,712-15-2171,2022-11-07
3584,1584,pessoal,927-27-4277,2022-11-08
3585,1585,pessoal,641-05-0003,2022-11-09
3586,1586,pessoal,506-82-1038,2022-11-10
3587,1587,pessoal,583-20-1738,2022-11-11
3588,1588,pessoal,659-75-5855,2022-11-12
3589,1589,pessoal,012-69-4708,2022-11-13
3590,1590,pessoal,144-56-5648,2022-11-14
3591,1591,pessoal,950-93-6412,2022-11-15
3592,1592,pessoal,320-68-0160,2022-11-16
3593,1593,pessoal,224-77-1245,2022-11-17
3594,1594,pessoal,956-05-9691,2022-11-18
3595,1595,pessoal,950-91-9035,2022-11-19
3596,1596,pessoal,372-84-9974,2022-11-20
3597,1597,pessoal,831-54-6505,2022-11-21
3598,1598,pessoal,842-94-4847,2022-11-22
3599,1599,pessoal,412-79-6794,2022-11-23
3600,1600,pessoal,435-58-9249,2022-11-24
3601,1601,pessoal,275-25-9382,2022-11-25
3602,1602,pessoal,296-88-1923,2022-11-26
3603,1603,pessoal,746-44-2051,2022-11-27
3604,1604,pessoal,631-26-7195,2022-11-28
3605,1605,pessoal,074-66-2864,2022-11-29
3606,1606,pessoal,526-16-1377,2022-11-30
3607,1607,pessoal,138-35-4073,2022-12-01
3608,1608,pessoal,134-50-0896,2022-12-02
3609,1609,pessoal,126-83-3960,2022-12-03
3610,1610,pessoal,120-96-6373,2022-12-04
3611,1611,pessoal,450-81-1900,2022-12-05
3612,1612,pessoal,318-99-2399,2022-12-06
3613,1613,pessoal,506-50-3241,2022-12-07
3614,1614,pessoal,151-24-2342,2022-12-08
3615,1615,pessoal,066-96-6195,2022-12-09
3616,1616,pessoal,301-06-1486,2022-12-10
3617,1617,pessoal,471-59-6830,2022-12-11
3618,1618,pessoal,718-31-5925,2022-12-12
3619,1619,pessoal,395-40-2641,2022-12-13
3620,1620,pessoal,060-21-9903,2022-12-14
3621,1621,pessoal,201-04-2645,2022-12-15
3622,1622,pessoal,990-44-0705,2022-12-16
3623,1623,pessoal,364-39-6387,2022-12-17
3624,1624,pessoal,807-00-1276,2022-12-18
3625,1625,pessoal,857-99-1072,2022-12-19
3626,1626,pessoal,661-19-1839,2022-12-20
3627,1627,pessoal,085-88-6913,2022-12-21
3628,1628,pessoal,921-61-0818,2022-12-22
3629,1629,pessoal,747-95-6030,2022-12-23
3630,1630,pessoal,908-59-6297,2022-12-24
3631,1631,pessoal,578-64-0722,2022-12-25
3632,1632,pessoal,390-09-5799,2022-12-26
3633,1633,pessoal,099-84-8567,2022-12-27
3634,1634,pessoal,220-18-4256,2022-12-28
3635,1635,pessoal,004-01-3683,2022-12-29
3636,1636,pessoal,745-62-0477,2022-12-30
3637,1637,pessoal,003-02-1547,2022-12-31
3638,1638,pessoal,882-38-4752,2023-01-01
3639,1639,pessoal,105-76-7705,2023-01-02
3640,1640,pessoal,165-57-8722,2023-01-03
3641,1641,pessoal,402-74-1116,2023-01-04
3642,1642,pessoal,284-76-0541,2023-01-05
3643,1643,pessoal,937-58-4367,2023-01-06
3644,1644,pessoal,126-49-0511,2023-01-07
3645,1645,pessoal,541-01-7161,2022-04-02
3646,1646,pessoal,715-46-4901,2022-04-03
3647,1647,pessoal,528-26-8320,2022-04-04
3648,1648,pessoal,558-76-0476,2022-04-05
3649,1649,pessoal,037-67-4164,2022-04-06
3650,1650,pessoal,305-22-1154,2022-04-07
3651,1651,pessoal,007-97-3911,2022-04-08
3652,1652,pessoal,719-58-7994,2022-04-09
3653,1653,pessoal,173-60-6811,2022-04-10
3654,1654,pessoal,213-91-0301,2022-04-11
3655,1655,pessoal,696-55-4244,2022-04-12
3656,1656,pessoal,854-22-4815,2022-04-13
3657,1657,pessoal,482-77-3703,2022-04-14
3658,1658,pessoal,509-25-5780,2022-04-15
3659,1659,pessoal,587-01-9401,2022-04-16
3660,1660,pessoal,058-23-6617,2022-04-17
3661,1661,pessoal,120-15-6625,2022-04-18
3662,1662,pessoal,305-00-6056,2022-04-19
3663,1663,pessoal,667-49-1152,2022-04-20
3664,1664,pessoal,631-64-6308,2022-04-21
3665,1665,pessoal,719-21-0825,2022-04-22
3666,1666,pessoal,311-16-1277,2022-04-23
3667,1667,pessoal,538-69-3224,2022-04-24
3668,1668,pessoal,012-03-4026,2022-04-25
3669,1669,pessoal,707-81-3041,2022-04-26
3670,1670,pessoal,960-73-0162,2022-04-27
3671,1671,pessoal,736-93-0342,2022-04-28
3672,1672,pessoal,990-78-2086,2022-04-29
3673,1673,pessoal,658-63-1647,2022-04-30
3674,1674,pessoal,053-74-7781,2022-05-01
3675,1675,pessoal,810-88-9198,2022-05-02
3676,1676,pessoal,143-90-6171,2022-05-03
3677,1677,pessoal,724-09-9777,2022-05-04
3678,1678,pessoal,869-84-8857,2022-05-05
3679,1679,pessoal,380-68-1309,2022-05-06
3680,1680,pessoal,067-56-7445,2022-05-07
3681,1681,pessoal,238-22-3009,2022-05-08
3682,1682,pessoal,737-79-6937,2022-05-09
3683,1683,pessoal,975-63-1476,2022-05-10
3684,1684,pessoal,082-91-5215,2022-05-11
3685,1685,pessoal,035-71-5309,2022-05-12
3686,1686,pessoal,988-55-1799,2022-05-13
3687,1687,pessoal,801-19-3725,2022-05-14
3688,1688,pessoal,456-02-7568,2022-05-15
3689,1689,pessoal,783-53-8707,2022-05-16
3690,1690,pessoal,367-58-6858,2022-05-17
3691,1691,pessoal,939-53-1298,2022-05-18
3692,1692,pessoal,459-81-2692,2022-05-19
3693,1693,pessoal,661-31-9005,2022-05-20
3694,1694,pessoal,452-30-6536,2022-05-21
3695,1695,pessoal,419-39-1650,2022-05-22
3696,1696,pessoal,075-11-7117,2022-05-23
3697,1697,pessoal,122-35-2006,2022-05-24
3698,1698,pessoal,418-35-7413,2022-05-25
3699,1699,pessoal,033-65-4366,2022-05-26
3700,1700,pessoal,373-51-9829,2022-05-27
3701,1701,pessoal,297-67-1247,2022-05-28
3702,1702,pessoal,453-61-1963,2022-05-29
3703,1703,pessoal,605-48-2164,2022-05-30
3704,1704,pessoal,975-64-3867,2022-05-31
3705,1705,pessoal,511-98-3079,2022-06-01
3706,1706,pessoal,864-30-2628,2022-06-02
3707,1707,pessoal,878-44-2729,2022-06-03
3708,1708,pessoal,856-94-5342,2022-06-04
3709,1709,pessoal,808-24-8501,2022-06-05
3710,1710,pessoal,102-04-6228,2022-06-06
3711,1711,pessoal,776-46-0995,2022-06-07
3712,1712,pessoal,242-06-6927,2022-06-08
3713,1713,pessoal,690-89-5518,2022-06-09
3714,1714,pessoal,360-00-7107,2022-06-10
3715,1715,pessoal,291-50-8200,2022-06-11
3716,1716,pessoal,168-25-8700,2022-06-12
3717,1717,pessoal,432-54-3363,2022-06-13
3718,1718,pessoal,360-41-1241,2022-06-14
3719,1719,pessoal,329-24-5125,2022-06-15
3720,1720,pessoal,895-04-9476,2022-06-16
3721,1721,pessoal,894-94-6070,2022-06-17
3722,1722,pessoal,044-07-9581,2022-06-27
3723,1723,pessoal,900-41-5453,2022-06-28
3724,1724,pessoal,220-71-5322,2022-06-29
3725,1725,pessoal,438-83-5894,2022-06-30
3726,1726,pessoal,039-18-0725,2022-07-01
3727,1727,pessoal,383-46-5998,2022-07-02
3728,1728,pessoal,425-21-9899,2022-07-03
3729,1729,pessoal,905-81-4996,2022-07-04
3730,1730,pessoal,004-44-0040,2022-07-05
3731,1731,pessoal,641-27-2152,2022-07-06
3732,1732,pessoal,811-40-3802,2022-07-07
3733,1733,pessoal,535-98-0094,2022-07-08
3734,1734,pessoal,805-92-2248,2022-07-09
3735,1735,pessoal,566-71-6096,2022-07-10
3736,1736,pessoal,426-02-4034,2022-07-11
3737,1737,pessoal,426-92-9243,2022-07-12
3738,1738,pessoal,998-66-9268,2022-07-13
3739,1739,pessoal,932-54-4057,2022-07-14
3740,1740,pessoal,017-61-9544,2022-07-15
3741,1741,pessoal,549-30-5232,2022-07-16
3742,1742,pessoal,315-57-9084,2022-07-17
3743,1743,pessoal,349-11-1165,2022-07-18
3744,1744,pessoal,600-53-0163,2022-07-19
3745,1745,pessoal,865-32-3222,2022-07-20
3746,1746,pessoal,052-97-3080,2022-07-21
3747,1747,pessoal,466-42-0536,2022-07-22
3748,1748,pessoal,645-28-7519,2022-07-23
3749,1749,pessoal,893-09-0409,2022-07-24
3750,1750,pessoal,641-28-3236,2022-07-25
3751,1751,pessoal,234-85-2503,2022-07-26
3752,1752,pessoal,825-22-4375,2022-07-27
3753,1753,pessoal,116-33-5669,2022-07-28
3754,1754,pessoal,516-99-1252,2022-07-29
3755,1755,pessoal,018-63-1068,2022-07-30
3756,1756,pessoal,997-52-1197,2022-07-31
3757,1757,pessoal,232-93-2058,2022-08-01
3758,1758,pessoal,195-05-8165,2022-08-02
3759,1759,pessoal,249-90-2011,2022-08-03
3760,1760,pessoal,241-53-4749,2022-08-04
3761,1761,pessoal,814-31-0226,2022-08-05
3762,1762,pessoal,282-18-2484,2022-08-06
3763,1763,pessoal,670-72-4208,2022-08-07
3764,1764,pessoal,563-00-5128,2022-08-08
3765,1765,pessoal,906-22-4463,2022-08-09
3766,1766,pessoal,206-38-9709,2022-08-10
3767,1767,pessoal,252-66-2174,2022-08-11
3768,1768,pessoal,449-16-2619,2022-08-12
3769,1769,pessoal,120-85-9739,2022-08-13
3770,1770,pessoal,922-18-8495,2022-08-14
3771,1771,pessoal,803-82-0082,2022-08-15
3772,1772,pessoal,832-91-7890,2022-08-16
3773,1773,pessoal,690-81-9758,2022-08-17
3774,1774,pessoal,473-76-6874,2022-08-18
3775,1775,pessoal,733-92-5604,2022-08-19
3776,1776,pessoal,807-98-8854,2022-08-20
3777,1777,pessoal,884-26-0848,2022-08-21
3778,1778,pessoal,456-84-8319,2022-08-22
3779,1779,pessoal,878-66-7453,2022-08-23
3780,1780,pessoal,227-64-4738,2022-08-24
3781,1781,pessoal,631-31-5156,2022-08-25
3782,1782,pessoal,358-21-5960,2022-08-26
3783,1783,pessoal,525-39-0773,2022-08-27
3784,1784,pessoal,309-43-1056,2022-08-28
3785,1785,pessoal,603-42-5022,2022-08-29
3786,1786,pessoal,584-01-4191,2022-08-30
3787,1787,pessoal,555-50-9615,2022-08-31
3788,1788,pessoal,813-26-6768,2022-09-01
3789,1789,pessoal,838-24-0659,2022-09-02
3790,1790,pessoal,154-70-4666,2022-09-03
3791,1791,pessoal,053-47-9056,2022-09-04
3792,1792,pessoal,542-37-7332,2022-09-05
3793,1793,pessoal,248-61-8175,2022-09-06
3794,1794,pessoal,952-29-0206,2022-09-07
3795,1795,pessoal,813-15-0884,2022-09-08
3796,1796,pessoal,165-03-6944,2022-09-09
3797,1797,pessoal,240-57-0690,2022-09-10
3798,1798,pessoal,893-11-8197,2022-09-11
3799,1799,pessoal,192-60-5390,2022-09-12
3800,1800,pessoal,332-49-9459,2022-09-13
3801,1801,pessoal,489-37-5352,2022-09-14
3802,1802,pessoal,532-78-9929,2022-09-15
3803,1803,pessoal,226-59-9407,2022-09-16
3804,1804,pessoal,011-05-9584,2022-09-17
3805,1805,pessoal,291-57-9562,2022-09-18
3806,1806,pessoal,457-00-6946,2022-09-19
3807,1807,pessoal,778-97-4833,2022-09-20
3808,1808,pessoal,062-21-9266,2022-09-21
3809,1809,pessoal,100-80-1406,2022-09-22
3810,1810,pessoal,748-63-5119,2022-09-23
3811,1811,pessoal,400-62-1657,2022-09-24
3812,1812,pessoal,082-17-3213,2022-09-25
3813,1813,pessoal,203-17-7688,2022-09-26
3814,1814,pessoal,226-39-8553,2022-09-27
3815,1815,pessoal,842-05-9380,2022-09-28
3816,1816,pessoal,738-14-5813,2022-09-29
3817,1817,pessoal,769-30-9254,2022-09-30
3818,1818,pessoal,939-13-5073,2022-10-01
3819,1819,pessoal,514-32-9810,2022-10-02
3820,1820,pessoal,879-80-0726,2022-10-03
3821,1821,pessoal,855-86-8476,2022-10-04
3822,1822,pessoal,818-35-1232,2022-10-05
3823,1823,pessoal,600-68-1654,2022-10-06
3824,1824,pessoal,737-21-4151,2022-10-07
3825,1825,pessoal,300-14-5369,2022-10-08
3826,1826,pessoal,955-02-4180,2022-10-09
3827,1827,pessoal,189-81-1327,2022-10-10
3828,1828,pessoal,105-12-9656,2022-10-11
3829,1829,pessoal,161-77-3192,2022-10-12
3830,1830,pessoal,530-52-1654,2022-10-13
3831,1831,pessoal,054-57-7533,2022-10-14
3832,1832,pessoal,949-11-6536,2022-10-15
3833,1833,pessoal,511-56-3638,2022-10-16
3834,1834,pessoal,796-25-3907,2022-10-17
3835,1835,pessoal,378-39-0044,2022-10-18
3836,1836,pessoal,297-34-4617,2022-10-19
3837,1837,pessoal,244-96-9360,2022-10-20
3838,1838,pessoal,048-87-7971,2022-10-21
3839,1839,pessoal,442-17-7639,2022-10-22
3840,1840,pessoal,918-31-4341,2022-10-23
3841,1841,pessoal,518-30-6193,2022-10-24
3842,1842,pessoal,387-59-4368,2022-10-25
3843,1843,pessoal,974-71-6240,2022-10-26
3844,1844,pessoal,855-79-6306,2022-10-27
3845,1845,pessoal,495-15-5581,2022-10-28
3846,1846,pessoal,101-68-3218,2022-10-29
3847,1847,pessoal,478-04-8678,2022-10-30
3848,1848,pessoal,521-04-6595,2022-10-31
3849,1849,pessoal,478-63-6967,2022-11-01
3850,1850,pessoal,924-83-9697,2022-11-02
3851,1851,pessoal,227-42-2182,2022-11-03
3852,1852,pessoal,664-42-8014,2022-11-04
3853,1853,pessoal,931-31-4284,2022-11-05
3854,1854,pessoal,372-01-5333,2022-11-06
3855,1855,pessoal,001-54-3355,2022-11-07
3856,1856,pessoal,341-58-3911,2022-11-08
3857,1857,pessoal,141-35-3886,2022-11-09
3858,1858,pessoal,372-42-7852,2022-11-10
3859,1859,pessoal,358-40-6807,2022-11-11
3860,1860,pessoal,494-52-9917,2022-11-12
3861,1861,pessoal,413-66-6342,2022-11-13
3862,1862,pessoal,851-60-2283,2022-11-14
3863,1863,pessoal,879-23-1222,2022-11-15
3864,1864,pessoal,971-23-7872,2022-11-16
3865,1865,pessoal,306-56-6885,2022-11-17
3866,1866,pessoal,849-76-2985,2022-11-18
3867,1867,pessoal,849-07-3750,2022-11-19
3868,1868,pessoal,649-39-6974,2022-11-20
3869,1869,pessoal,930-80-6105,2022-11-21
3870,1870,pessoal,241-15-8434,2022-11-22
3871,1871,pessoal,219-24-9947,2022-11-23
3872,1872,pessoal,076-05-7767,2022-11-24
3873,1873,pessoal,398-51-3366,2022-11-25
3874,1874,pessoal,190-12-5119,2022-11-26
3875,1875,pessoal,406-10-1987,2022-11-27
3876,1876,pessoal,116-96-8304,2022-11-28
3877,1877,pessoal,968-97-0492,2022-11-29
3878,1878,pessoal,864-48-5573,2022-11-30
3879,1879,pessoal,445-04-1971,2022-12-01
3880,1880,pessoal,709-50-7656,2022-12-02
3881,1881,pessoal,045-48-4041,2022-12-03
3882,1882,pessoal,768-27-2460,2022-12-04
3883,1883,pessoal,976-83-7592,2022-12-05
3884,1884,pessoal,836-47-4878,2022-12-06
3885,1885,pessoal,166-99-3239,2022-12-07
3886,1886,pessoal,990-68-3343,2022-12-08
3887,1887,pessoal,629-26-7755,2022-12-09
3888,1888,pessoal,562-26-2685,2022-12-10
3889,1889,pessoal,155-21-4558,2022-12-11
3890,1890,pessoal,151-17-7853,2022-12-12
3891,1891,pessoal,180-41-6675,2022-12-13
3892,1892,pessoal,376-99-8353,2022-12-14
3893,1893,pessoal,447-66-5440,2022-12-15
3894,1894,pessoal,816-96-7625,2022-12-16
3895,1895,pessoal,499-18-9925,2022-12-17
3896,1896,pessoal,407-26-3708,2022-12-18
3897,1897,pessoal,870-46-6238,2022-12-19
3898,1898,pessoal,526-43-4437,2022-12-20
3899,1899,pessoal,620-34-6727,2022-12-21
3900,1900,pessoal,164-10-0724,2022-12-22
3901,1901,pessoal,347-10-8227,2022-12-23
3902,1902,pessoal,599-89-2053,2022-12-24
3903,1903,pessoal,361-78-9818,2022-12-25
3904,1904,pessoal,617-43-7360,2022-12-26
3905,1905,pessoal,650-53-9744,2022-12-27
3906,1906,pessoal,486-66-5647,2022-12-28
3907,1907,pessoal,836-58-9316,2022-12-29
3908,1908,pessoal,229-28-3257,2022-12-30
3909,1909,pessoal,625-38-1846,2022-12-31
3910,1910,pessoal,949-50-7539,2023-01-01
3911,1911,pessoal,713-64-1967,2023-01-02
3912,1912,pessoal,338-97-7152,2023-01-03
3913,1913,pessoal,112-06-2826,2023-01-04
3914,1914,pessoal,340-70-4801,2023-01-05
3915,1915,pessoal,659-54-6362,2023-01-06
3916,1916,pessoal,347-65-4836,2023-01-07
3917,1917,pessoal,209-27-0760,2022-04-02
3918,1918,pessoal,274-13-9865,2022-04-03
3919,1919,pessoal,295-05-0544,2022-04-04
3920,1920,pessoal,962-98-0966,2022-04-05
3921,1921,pessoal,587-90-0987,2022-04-06
3922,1922,pessoal,003-51-8663,2022-04-07
3923,1923,pessoal,937-22-6222,2022-04-08
3924,1924,pessoal,276-06-6055,2022-04-09
3925,1925,pessoal,068-32-9286,2022-04-10
3926,1926,pessoal,959-77-1304,2022-04-11
3927,1927,pessoal,863-57-9275,2022-04-12
3928,1928,pessoal,664-40-6434,2022-04-13
3929,1929,pessoal,946-81-3053,2022-04-14
3930,1930,pessoal,021-47-8496,2022-04-15
3931,1931,pessoal,726-17-6819,2022-04-16
3932,1932,pessoal,287-87-9274,2022-04-17
3933,1933,pessoal,158-39-6136,2022-04-18
3934,1934,pessoal,330-95-7649,2022-04-19
3935,1935,pessoal,714-40-2429,2022-04-20
3936,1936,pessoal,814-75-3367,2022-04-21
3937,1937,pessoal,413-40-9273,2022-04-22
3938,1938,pessoal,303-85-3095,2022-04-23
3939,1939,pessoal,742-21-7543,2022-04-24
3940,1940,pessoal,484-72-5652,2022-04-25
3941,1941,pessoal,650-93-5344,2022-04-26
3942,1942,pessoal,422-64-4308,2022-04-27
3943,1943,pessoal,335-70-8374,2022-04-28
3944,1944,pessoal,701-70-4248,2022-04-29
3945,1945,pessoal,239-59-3033,2022-04-30
3946,1946,pessoal,172-64-2580,2022-05-01
3947,1947,pessoal,370-45-1975,2022-05-02
3948,1948,pessoal,581-44-1844,2022-05-03
3949,1949,pessoal,358-52-3882,2022-05-04
3950,1950,pessoal,855-80-0098,2022-05-05
3951,1951,pessoal,734-98-8062,2022-05-06
3952,1952,pessoal,850-71-2191,2022-05-07
3953,1953,pessoal,798-38-9488,2022-05-08
3954,1954,pessoal,466-85-4751,2022-05-09
3955,1955,pessoal,095-07-6385,2022-05-10
3956,1956,pessoal,124-06-2901,2022-05-11
3957,1957,pessoal,355-94-1417,2022-05-12
3958,1958,pessoal,175-68-2211,2022-05-13
3959,1959,pessoal,621-13-7337,2022-05-14
3960,1960,pessoal,100-70-5847,2022-05-15
3961,1961,pessoal,083-65-1983,2022-05-16
3962,1962,pessoal,692-70-5448,2022-05-17
3963,1963,pessoal,902-08-2667,2022-05-18
3964,1964,pessoal,282-54-7735,2022-05-19
3965,1965,pessoal,320-69-1245,2022-05-20
3966,1966,pessoal,652-96-0227,2022-05-21
3967,1967,pessoal,597-85-2625,2022-05-22
3968,1968,pessoal,394-35-4478,2022-05-23
3969,1969,pessoal,956-15-2175,2022-05-24
3970,1970,pessoal,718-59-3756,2022-05-25
3971,1971,pessoal,792-13-8686,2022-05-26
3972,1972,pessoal,951-56-6884,2022-05-27
3973,1973,pessoal,624-47-4859,2022-05-28
3974,1974,pessoal,874-19-7955,2022-05-29
3975,1975,pessoal,040-19-7885,2022-05-30
3976,1976,pessoal,225-66-3158,2022-05-31
3977,1977,pessoal,978-38-7183,2022-06-01
3978,1978,pessoal,330-45-0239,2022-06-02
3979,1979,pessoal,619-18-6491,2022-06-03
3980,1980,pessoal,010-85-9667,2022-06-04
3981,1981,pessoal,313-36-8481,2022-06-05
3982,1982,pessoal,584-59-2232,2022-06-06
3983,1983,pessoal,725-71-1788,2022-06-07
3984,1984,pessoal,716-15-2990,2022-06-08
3985,1985,pessoal,369-71-9043,2022-06-09
3986,1986,pessoal,805-48-6554,2022-06-10
3987,1987,pessoal,025-63-0839,2022-06-11
3988,1988,pessoal,525-40-7411,2022-06-12
3989,1989,pessoal,397-93-5590,2022-06-13
3990,1990,pessoal,302-87-6850,2022-06-14
3991,1991,pessoal,451-00-2743,2022-06-15
3992,1992,pessoal,177-86-1410,2022-06-16
3993,1993,pessoal,135-41-2008,2022-06-17
3994,1994,pessoal,836-04-6211,2022-06-18
3995,1995,pessoal,023-81-9951,2022-06-19
3996,1996,pessoal,033-67-5986,2022-06-20
3997,1997,pessoal,951-65-5277,2022-06-21
3998,1998,pessoal,376-65-7643,2022-06-22
3999,1999,pessoal,430-89-8487,2022-06-23
4000,2000,pessoal,665-82-1359,2022-06-24
4001,1001,comercial,902-94-1614,2022-06-25
4002,1974,comercial,803-01-2782,2022-06-26
4003,1975,comercial,758-71-8387,2022-06-27
4004,1976,comercial,567-76-2933,2022-06-28
4005,1977,comercial,324-73-5904,2022-06-29
4006,1978,comercial,617-49-8326,2022-06-30
4007,1979,comercial,927-79-3996,2022-07-01
4008,1980,comercial,206-77-9260,2022-07-02
4009,1981,comercial,869-61-8450,2022-07-03
4010,1982,comercial,603-48-3872,2022-07-04
4011,1983,comercial,155-72-3650,2022-07-05
4012,1984,comercial,283-15-5091,2022-07-06
4013,1985,comercial,171-51-9907,2022-07-07
4014,1986,comercial,587-16-9425,2022-07-08
4015,1987,comercial,973-39-8898,2022-07-09
4016,1988,comercial,097-15-9149,2022-07-10
4017,1989,comercial,647-35-3306,2022-07-11
4018,1990,comercial,466-79-6585,2022-07-12
4019,1991,comercial,864-58-9594,2022-07-13
4020,1992,comercial,809-63-5075,2022-07-14
4021,1993,comercial,593-16-2721,2022-07-15
4022,1994,comercial,699-15-7007,2022-07-16
4023,1995,comercial,565-43-8935,2022-07-17
4024,1996,comercial,014-33-0613,2022-07-18
4025,1997,comercial,407-41-2223,2022-07-19
4026,1998,comercial,686-12-9023,2022-07-20
4027,1999,comercial,647-17-1142,2022-07-21
4028,2000,comercial,265-01-7339,2022-07-22